ID,Name,DepartmentID,VariantID,Rate,JobTime
50273,ENGINE OIL & OIL FILTER REPLACE,10,6956,500.000,0
50274,BRAKE SERVICE OSHAN,10,6956,4000.000,0
50275,TOP WASH KARVAAN 1.0/1.2,10,1890,600.000,0
50334,Coolant Replace SUV,10,6956,3000.000,45
50442,AC Compressor Belt Replace KARVAAN,5,7978,500.000,30
50446,Steering Assy R/F M9/KARVAAN,10,7978,1500.000,30
50551,Brake Master Cylinder Replace,10,6935,6000.000,120
50552,Disc Plate & RR wheel drum R/F,10,6935,3000.000,30
50558,Fly Wheel Replacement,10,6939,8000.000,240
50563,PERIODIC MAINTENANCE KASHMIR DAY KARVAN+M9,10,1890,2155.000,120
50573,Starting Problem (Mobile Service),10,6939,2587.000,0
50739,Wiring Repairing SUV,5,6956,10000.000,240
51299,AC PANEL BUTTON SETTING SEDAN,10,6939,500.000,50
52094,Differntial oil replace,10,1892,1500.000,30
51059,Window Regulator Assy Replace SUV,5,6956,1000.000,60
51264,FUEL INJECTOR CLEAN,10,6939,3000.000,2
51265,STEERING COLUMN UPPER REPLACE,10,7978,2000.000,180
51509,STEERING ASSY SERVICE SEDAN,10,6939,7000.000,180
51542,"BONNET D/P, RH FR DOOR, RH RR DOOR, LH FR DOOR (INNER PAINT). LH RR DOOR INNER & OUTER PAINT. LH FR APRON PAINT, RH RR F",1,6939,34482.758,0
51542,"BONNET D/P, RH FR DOOR, RH RR DOOR, LH FR DOOR (INNER PAINT). LH RR DOOR INNER & OUTER PAINT. LH FR APRON PAINT, RH RR F",1,6939,0.000,0
53219,10 ppm (alsvin),1,6937,2000.000,120
52643,4 wheel Disc Plate,10,36,3000.000,120
52698,Fuel Injector Replace SUV,10,6923,15000.000,120
52741,SHOWROOM SERVICE,1,6937,8620.000,0
52811,GR-20285 Good will work of warranty RS 50000 Mian Nazeer AZH-977,1,6923,43103.000,1440
52831,FR BUMPER REPAIR & PAINT,1,6938,5000.000,70
51158," AT COST",1,6923,89.880,0
51197,FUEL TANK REPLACE,1,1892,2000.000,0
51267,DOOR LATCH REPLACE,10,1890,1500.000,45
51351,CREMIC COATING,1,6923,42670.000,0
51403,SULF ASSY REMOVING AND FITTING KINGLONG VAN,10,1890,6000.000,150
51404,FRONT BOTH SIDE MIRRORS REMOVING AND FITTING SEDAN,10,6939,3879.000,180
50504,Generator Belt R/F,10,7978,500.000,20
50507,Periodic Maintenance 40% Dis KARVAAN,10,7978,2586.000,120
50508,Periodic Maintenance 40% Dis ALSVIN,10,6939,4913.000,120
50509,Periodic Maintenance 40% Dis OSHAN,10,6956,7241.000,120
50914,Ac Controller Assy VAN,5,1892,2000.000,45
50915,Ac Controller Assy SEDAN,5,6939,4000.000,45
50916,Horn Assy Replace VAN,5,7978,1000.000,45
50937,Shrowd Assy Replace VAN,5,7978,1120.000,45
51391,CONTROL VALVE COMPOIL REPLACE SEDAN,10,6939,4000.000,120
51392,HEAT CORE ASSY REPLACE SEDAN,10,6939,6000.000,240
51393,CONSOLE FRONT BOX REPLACE SUV,10,6923,3000.000,120
51666,Exlator Cable Replace Van,10,1890,500.000,30
53138,MCML Free Coolant Replace (SUV),10,6923,1100.000,120
53140,STEERING GEAR ASSY IN (previous- WARRANTY) Suv,10,153,440.000,48
53142,STABILIZER SHAFT LINK ASSY IN (previous- WARRANTY) suv,10,6923,330.000,36
53143,FR COMBINATION I REPLACE IN (previous- WARRANTY) suv,10,6923,550.000,60
53144,FR COMBINATION II REPLACE IN (previous- WARRANTY) suv,10,6923,550.000,60
53145,AUTOMATIC TRANSMISSION COLLAR REPALCE IN (previous- WARRANTY) suv,10,6923,990.000,108
51270,REAR COIL SPRING SET REPLACE,10,6923,4000.000,120
51764,Radiator assembly removing fiting,10,6956,7000.000,60
51777,Gear Wirirng Inspection,10,6937,4310.000,60
50497,FR Disc pad Replace,10,6956,1000.000,15
51157,CENTER COVER ASSY REPLACE (SEDAN),5,6939,1000.000,20
51504,LHS RR FENDER DENT PAINT,1,419,4310.000,0
51524,Gear Oil Leakage Remove Sedan,1,6939,5000.000,120
53323,"PDS LO7 ",1,7983,1500.000,60
53324,pds SO7,1,7984,1500.000,60
53325,Paint lab shortage since june 2024,1,6937,344827.580,60
53326,LH FR Door Dent Paint,1,6938,5500.000,125
53327,LH FR Door handle paint,1,6937,1000.000,125
50531,Intake System R/F and Cleaning,10,6935,5000.000,120
50532,Siron Horn Repair karvaan,10,7978,1200.000,30
50536,Timing Seal Replace,10,7978,2000.000,0
50537,Front Wheel Hub Replace Karvaan,10,7978,1500.000,60
50538,"Tappet Cover jain Replace ",10,7978,500.000,30
50781,Wiring Inspection & Repairing VAN,5,7978,5000.000,300
50787,AC Compressor Replace SEDAN,5,6939,6000.000,60
50788,AC Service SEDAN,5,6939,10345.000,240
50640,Radiator R/F VAN,10,7978,3000.000,120
50936,Thermostate Valve R/F VAN,10,7978,1000.000,60
50942,Complete Periodic Maintenance SEDAN,10,6939,9500.000,180
50980,AC Service VAN 1.0,10,1892,10344.000,300
50981,AC Service VAN 1.2,10,7978,11206.000,300
50982,"AC Service SEDAN ",10,6939,12000.000,300
50983,"AC Service SUV ",10,6956,17241.000,360
51010,Fan Shrowd Replace SUV,10,6956,5000.000,120
51394,TRANSMISSION CONTROL UNIT REPLACE SEDAN,5,6923,1000.000,30
52106,Rear wheel bearing replace both side,10,1890,1293.000,120
53334,"Deepal Sedan FFS ",10,7983,1000.000,60
53337,LH FR fender Replace Setting and paint Job,1,6923,8620.000,125
53338,Full body Compund polish,1,6923,17241.000,125
51184,STEERING R/F SEDAN,1,6939,5000.000,4
51185,IGNITION SWITCH R/F SEDAN,1,6939,2000.000,1
51209,AT COST.,1,1890,1600.000,0
51432,COMPLETE VEHICLE WIRING INSPECTION AND REPARING KING LONG,5,6935,12931.000,1440
50673,Nitrogen Filling (SUV),10,6956,1017.000,0
50674,Nitrogen Filling (SEDAN),10,6939,678.000,0
50675,Nitrogen Filling (VAN),10,1892,508.000,0
50676,Compressor Bracket R/F VAN,10,1892,1271.000,0
50677,Hybrid Battery R/F SEDAN,10,335,3000.000,90
50712,brake oil replace sedan,10,6939,500.000,0
50736,Water Pump Assy Replace SEDAN,10,6939,4000.000,180
50737,RR Break Cylendor R/F Sedan,10,6939,1000.000,60
50912,AC Compressor R/F VAN,10,1892,3000.000,60
50913,AC Condensar R/F VAN,10,1892,3000.000,60
51062,Oxygen Sensor Replace SEDAN,10,6939,1000.000,0
51063,AC Grill Replace Sedan,10,6939,1000.000,0
51064,Hydrolic Assy Replace Sedan,10,6939,8000.000,0
51065,Stearing Column Assy Replace SUV,10,6956,6000.000,0
51066,Oil Seal Replace VAN,10,7978,4000.000,0
51067,Oil Sump Join Replace VAN,10,7978,1000.000,0
51467,STARTING PROBLEM HIACE,10,34,15517.000,480
53364,RH FR TRIM WHEEL REPLACE,1,6923,500.000,125
53368,RR HR WHEEL ARCH D/P,1,6923,2250.000,125
53377,RH FR & RR DOOR PROTECTOR REPLACE,1,6923,1500.000,125
50510,Oxygen Sensor Cleaning ALSVIN,10,6939,500.000,30
50511,Mirror Rellay Replace,5,6939,2000.000,45
50512,Brake Caliper  Pin Service,10,6939,1500.000,60
50516,Battery Checkup Home Service,10,6956,1724.000,45
50517,Manual Transmission R/F M9/KARVAAN,10,7978,6000.000,180
50518,Manual Transmission R/F ALSVIN 1.37,10,6937,8000.000,240
50519,Transmission R/F Alsvin 1.5,10,6939,8500.000,240
50520,Automatic Transmission R/F OSHAN,10,6956,12000.000,180
50521,RR Axle Assy 1 Side M9/KARVAAN,10,7978,1500.000,0
50522,RR Axle Assy 1 Side ALSVIN,10,6939,2000.000,0
50523,RR Axle Assy 1 Side OSHAN,10,6956,3000.000,0
50524,Final Drive And Differential Gear Assy R/F M9/KARVAAN,10,7978,6000.000,0
50564,PERIODIC MAINTENANCE KASHMIR DAY ALSVIN,10,6939,4095.000,120
50565,PERIODIC MAINTENANCE KASHMIR DAY OSHAN,1,6923,6034.000,120
50578,Reverse Switch Replace,5,7978,431.000,15
50579,head Light Assy replace SUV,10,6956,2000.000,60
50580,Tensioner Assy replace SUV,10,6956,2000.000,30
50581,Idler Assy Replace SUV,10,6956,2000.000,30
50582,HMI Terminal Assy Replace SUV,5,6956,2000.000,30
52888,"LH RR DOOR MINER TUCHING ",1,6937,1724.000,40
53242,Mount cushion assy lh replace in warranty (suv),10,6923,1500.000,90
53243,"Mount cushion assy lh replace in warranty (previous suv) ",1,6923,825.000,90
53244,"Mount cushion assy RH replace in warranty ( suv) ",1,6923,1500.000,90
50392,Heater Service,5,6935,6000.000,60
50395,Mount Cushion Assy replace ALVIN,10,6939,1500.000,45
50396,Radiator replace M9/KARVAAN,10,1892,2000.000,60
50397,Radiator replace ALSVIN,10,6939,2500.000,60
50398,Radiator replace oshan,10,6956,3000.000,210
50399,DCT oil replace ALSVIN,10,6939,2500.000,40
50400,DCT oil replace OSHAN,10,6956,3000.000,40
50401,Tansmission Oil cooler replace OSHAN,10,6956,2500.000,60
50402,Fuel Pump Replace M9/KARVAAN,5,7978,2000.000,60
50403,Fuel Pump Replace Alsvin,5,6939,3000.000,30
50404,Fuel Pump Replace oshan,5,6956,5000.000,60
50405,Transmission Harnes Replace OSHAN,5,6956,4000.000,30
50407,"Oil sump R/F M9,KARVAAN",10,1892,1000.000,45
50408,Radiator R/F SEDAN,10,6939,5000.000,40
50409,Accelater Cable service M9/KARVAAN,10,1892,700.000,30
50543,Battery replacement All VARIENTS,5,6956,500.000,30
51473,SELF STARTER MOTOR REPLACE SEDAN,5,6939,4000.000,60
51474,CABLE ASSY GEAR REPLACE SUV,10,6923,2000.000,45
51475,MOTOR ASSY STARTER REPLACE SUV,5,6923,5000.000,90
51476,ELECTRONIC PARKING BRAKE CALIPER REPLACE SUV,10,6923,4000.000,60
51477,DCT ASSY REPLACE SEDAN,10,6939,12000.000,360
51478,BRAKE CYLENDER REPLACE VAN,10,1890,4000.000,120
53023,STEERING GEAR ASSY IN (WARRANTY) Suv,10,6923,800.000,48
50585,Ac Blower Cleaning SEDAN,5,6939,2000.000,30
50790,Generator Bracket R/F VAN,10,7978,1500.000,30
50445,Fuel tank R/F karvaan,10,7978,1000.000,60
50448,"Head Ligh M9/karvaan ",10,7978,1000.000,30
50449,Head Ligh All Alsvin,10,6939,2000.000,60
50450,Head Ligh oshan,1,6956,4000.000,120
50451,Generator Replacement M9/karvaan,10,7978,1500.000,120
50452,Generator Replacement alsvin,10,6939,2500.000,120
50453,Generator Replacement oshan,10,6956,4000.000,120
50454,Meter Assy Combination Replace M9/Karvaan,10,7978,1500.000,30
50455,Meter Assy Combination Replace alsvin,10,6939,2000.000,30
50456,Meter Assy Combination Replace oshan,10,6956,3000.000,30
50457,Hose Condensor replace Karvaan,10,1892,2000.000,120
50458,Rear Shock Absorber Replace All changan,10,6956,1000.000,20
50459,Generator Bracket Replace M9/Karvaan,10,7978,1000.000,120
50460,Generator Bracket Replace Alsvin,10,6939,1500.000,120
50461,Generator Bracket Replace oshan,10,6956,2500.000,120
50462,Adjustor M9/Karvaan,10,7978,1000.000,30
50463,Adjustor Alsvin,10,6939,1500.000,30
50464,Adjustor oshan,10,6956,2500.000,30
50465,Stepper Motor Replace M9/Karvaan,10,7978,1500.000,30
50621,AC Service without Gas VAN,5,7978,5172.000,120
50622,Diff Shaft R/F Van,10,7978,1500.000,40
50623,oil sump R/F Sedan,10,6939,3000.000,90
50708,RADITOAR GARDRY DENT PAINT,1,6939,6000.000,0
50709,LHS AXLE R/F,10,6939,1293.000,0
50710,FRONT SHOCKS R/F,10,6939,1500.000,0
50727,RR BUMPER REPAIR PAINT,1,6939,5172.410,0
50770,AC SERVICE KARVAAN1.0,10,1890,11206.000,2
50995,Complete Vehicle Inspection SEDAN,10,6939,4310.000,60
50996,Radiator shroud replace SEDAN,10,6939,3000.000,45
51001,Steering assy tie rod R/F SEDAN,10,6939,2586.000,60
51002,Key Remote activation & programming SUV,10,6956,6896.000,60
51652,LHS FR FENDER D\P,1,23,3448.000,0
53386,"Estimation and parking charges ",1,6923,18103.000,125
50680,Engine top OverHaul,10,7978,15000.000,0
50681,AC Check Up,10,7978,500.000,0
52812,Key Remote Activation and programming,1,7983,10000.000,120
50560,Knocking Inspection,10,6939,0.000,0
50756,FRONT SHOCK R/F,10,327,1740.000,0
50757,FRONT SHOCK R/F,10,327,1724.000,0
50793,Cam sensor R/F VAN,10,7978,500.000,30
50794,Three State Pressure Switch Replace SEDAN,5,6939,3000.000,40
50795,Expension Valve Replace SEDAN,5,6939,550.000,50
50799,Rear Both Axle R/F SEDAN,10,6956,5000.000,180
50803,FR LHS Strut Assy Replace SEDAN,10,6939,2500.000,45
50804,FR RHS Strut Assy Replace SEDAN,10,6939,2500.000,45
50805,Driver Seat Replace SUV,10,6956,3000.000,60
50807,Engine RF SEDAN,10,6939,20000.000,300
50808,AC Service SEDAN,10,6939,10000.000,240
50440,Timing Foundation Replace Alsvin,10,6939,2000.000,40
50466,Heater service ALSVIN,5,6939,4000.000,40
50559,Brake Switch Replacement,5,7978,500.000,30
50591,Complete Package commercial,10,5895,5000.000,120
50633,Water jacket Replace SEDAN,10,6939,1500.000,45
50898,Wiring Repair SUV,10,6956,21551.000,360
50899,Dashboard R/F SUV,10,6956,17241.000,240
50900,AC Service VAN,10,7978,7758.000,300
51364,WHEEL STUD REPLACE VAN,10,1890,1000.000,60
51365,SPEEDO METOR SENSOR REPLACE VAN,10,1890,1500.000,60
51948,HID lights install,5,6937,3000.000,30
50583,Canistar Purge valve Cleaing SUV,10,6956,3000.000,30
52790,GoodWill Work In Warranty,1,6939,258621.000,350
50328,Battery Checkup all varients,10,6937,0.000,10
50330,Coolant Replace M8/M9/karvaan 1.0/1.2,10,1890,1000.000,45
50331,Coolant Replace Sedan,10,6937,2000.000,45
50592,CLUTCH CABLE REPALCE KARVAN,10,1892,500.000,30
50593,COMPLETE PKG 2ND MEETUP CAMPAIGN KRVAAN,10,1892,2155.000,70
50594,COMPLETE PKG 2ND MEETUP CAMPAIGN ALSVIN,10,6938,4095.000,80
50595,COMPLETE PKG 2ND MEETUP CAMPAIGN OSHAN,10,6956,6034.000,120
50685,Steering Assy R/F VAN,10,7978,3000.000,120
50844,AC GAS Refiling VAN,10,1892,4500.000,120
50846,Engine Overflow Pipe Replace SUV,10,6956,2000.000,40
50847,Radiator Overflow Pipe Replace SUV,10,6956,2000.000,40
50854,Timing Plate R/F VAN,10,7978,2000.000,120
50855,Disc Pad Replace VAN,10,7978,800.000,40
50856,Break Lather Replace VAN,10,7978,1000.000,40
50857,Disc Plates & Drum R/F VAN,10,7978,15000.000,60
51987,FRONT BUMPER PARTIAL PAINT RHS VIEW MIRROR COVER PAINT(FREE),1,1890,5000.000,0
52972,ENGINE SHIELD REPLACE,1,6937,1000.000,20
50870,Combined Instrument Replace SEDAN,5,6939,5000.000,45
50871,Hvac Assy Replace VAN,5,7978,8000.000,180
50882,Brake Serva + Maste Cylender Replace VAN,10,7978,8000.000,120
50883,Radiator Assy Replace VAN,10,7978,3000.000,60
50884,AC Pipe R/F VAN,10,7978,2000.000,60
50885,AC Gas Filling VAN,10,7978,3500.000,50
50886,AC Service SUV,10,6956,13103.000,240
50887,Streering Assy R/F SUV,10,6956,12931.000,180
50888,Fuel Tank R/F SUV,10,6956,3000.000,60
50889,Wiring Repair SUV,10,6956,5000.000,60
50919,AC Evaporator VAN,10,7978,862.000,45
50947,Beam Sensor Grip Replace Sedan,10,6938,2500.000,60
50950,AC Switch Replace VAN,10,7978,1500.000,60
51302,FRONT BOTH DRIVE SHAFT REPLACE SEDAN,10,6939,6000.000,120
51320,"LCD PANEL SETTING ",10,1890,2000.000,60
51348,VEHICLE CHECKING SUV,9,6923,5000.000,180
51349,ENGINE OVERHAUL SUV,10,6923,25862.000,720
51350,ELECTRICAL SERVICE SUV,5,6923,5000.000,240
50423,PDS Sedan,10,6956,1300.000,60
50424,Front Wheel Hub R/F kinglong,10,6935,2000.000,30
50426,Four Tyres Replace,10,6923,2000.000,60
50428,Spark Plug Replace alsvin,10,6939,500.000,30
50688,AC Discharge Pipe & Gas Replace Sedan,10,6939,3000.000,90
50689,Tire Nozal Replace,10,6939,1000.000,30
50690,Evaporator Assy Replace SEDAN,10,6939,6000.000,240
50691,Dashboard R/F SEDAN,10,6939,6000.000,240
50775,BRAKE OVERHAUL SUV,10,6923,8000.000,3
50776,ENGINE PUNCHING SUV,10,6923,8000.000,1
50777,AVM REPLACE SUV,5,6923,2000.000,1
50778,RR WIPER MOTOR REPLACE SUV,5,6923,2000.000,1
50779,BATTERY ASSY REPLACE SUV,5,6923,1000.000,30
50780,METTOR ASSY REMOVING AND FITTING SUV,5,6923,7000.000,2
52945,RH FOOTBOARD INNER D/P,1,1890,2000.000,0
50598,AC Blower R&F Sedan,10,6939,1500.000,15
50599,PDS SUV,10,6956,1500.000,60
50600,PDS Pickup,10,1892,1000.000,60
50601,F.F.S Sedan,10,6939,900.000,45
50602,F.F.S SUV,10,6956,1000.000,45
50603,S.F.S Sedan,10,6939,2000.000,60
50604,S.F.S Pickups,10,7978,1500.000,60
50616,27 points inspection,10,6956,1000.000,60
50617,Engine O/F replace,10,6956,500.000,30
50618,top wash,10,6956,1000.000,50
50651,Disc Plates R/F Sedan,10,6939,1500.000,30
50652,Steering assy R/F sedan,10,6939,2500.000,0
50655,AC trip Sensor Replace VAN,5,7978,1000.000,60
50421,Steering Motor Power M8/M9/Karvaan 1.0,10,5895,7759.000,240
50422,Wiper Motor Replace M9/karvaan,10,1892,200.000,12
50567,Steering Assy R/F Alsvin,10,6939,6000.000,40
50568,Steering Assy R/F Oshan,10,6956,8000.000,50
50686,AC Service VAN,10,7978,6035.000,0
50687,Back light R/F VAN,10,7978,500.000,15
50746,Fuel Tank R/F SEDAN,10,6939,2500.000,0
50749,Battery Assy Charging All Vareints,5,6939,862.000,0
50750,4 Wheel Disc Plates R/F,10,6939,2000.000,0
50762,Ring Synchonizer 2nd speed Replace VAN,10,7978,8000.000,600
52775,Youm-e-takbeer Service Campaign 100% off,6,6923,0.000,45
52775,Youm-e-takbeer Service Campaign 100% off,6,6937,0.000,45
52775,Youm-e-takbeer Service Campaign 100% off,6,1890,0.000,45
50346,INSTALLATION OF MIRROR RETRACTABLE,5,6939,5172.100,0
50638,Thermostate Valve R/F Sedan,10,6939,3000.000,60
50639,Iron Pipe Replace Sedan,10,6939,3000.000,60
51276,"CAMBER ANGLE SETTING M9,VAN",10,1890,1500.000,60
52648,SUNROOF OPENING FITTING,1,6939,8621.000,4
50317,FUEL FILTER REPLACE,10,6939,0.000,15
50569,NITROGEN FILLING,10,6939,800.000,20
50584,Catalytic Converter assy Cleaning SUV,10,6956,6000.000,180
50711,Pakistan Day Offer,10,6956,5000.000,0
50714,AC Gas Filling SEDAN,10,6939,500.000,0
50715,AC Gas Filling SUV,10,6956,1500.000,0
50723,Complete Vehicle Inspection SEDAN,10,6939,3000.000,60
50724,Exhaust Manifold & Convertor Assy Replace,10,6939,3000.000,70
51047,Engine Assy R/F VAN,10,7978,5172.000,300
51048,Turbo clean SUV,10,6956,3500.000,120
51228,STEERING BOOT REPLACE VAN,10,1892,500.000,40
51229,Z-LINK REPLACE SUV IN WARRENTY,10,6923,1500.000,40
51230,EVAPORATOR ASSY REPLACE IN WARRENTY,10,6923,12000.000,240
51231,AUTOMATIC TRANSMISSION ASSY REPLACE IN WARRENTY,10,6939,8000.000,300
51285,"AC CONDONSER REPARING ",10,6923,11637.000,120
51286,WATER PUMP REPARING SUV,10,6923,4310.000,120
51289,OIL PUMP REPLACE SUV,10,6923,15000.000,240
51290,ENGINE ASSY REPLACE SUV,10,6923,20000.000,300
51291,AC PIPE REPLACE SEDAN VEHICLE,10,6939,3000.000,120
51294,COMPLETE WIRING INSPECTION AND REPARING SUV,5,6923,15000.000,300
51094,TPMS Sensor Nozel Replace SEDAN,10,6939,4000.000,90
51043,Free AC checkup and car wash compain (MCML 11-06-24),10,6956,2750.000,120
52513,FR BUMPER R/P,1,196,0.000,0
52514,LH FR FENDER D/P,1,196,0.000,0
52516,CENTRE PATTI D/P,1,196,0.000,0
50276,TOP WASH ALSVIN 1.37/1.5DCT/1.5L,10,6939,800.000,0
50277,TOP WASH OSHAN X7,10,6923,1000.000,0
50280,FULL WASH M8/M9,10,6909,1000.000,0
50281,FULL WASH KARVAAN 1.0/1.2,10,1890,1200.000,0
50282,FULL WASH ALSVIN 1.37/1.5DCT/1.5L,10,6939,1500.000,0
50283,FULL WASH OSHAN X7,10,6923,2000.000,0
50284,ENGINE TUNE UP M8/M9/KARVAAN 1.0,10,1890,1200.000,0
50285,ENGINE TUNE UP KARVAAN 1.2,10,1890,1500.000,0
50286,ENGINE TUNE UP ALSVIN 1.37,10,6937,2000.000,0
50287,ENGINE TUNE UP ALSVIN 1.5 DCT/1.5 L,10,6939,2500.000,0
50288,ENGINE TUNE UP OSHAN X7,10,6923,3500.000,0
50289,4 WHEEL BRAKE SERVICES M8/M9/KARVAAN 1.0,10,1890,1500.000,0
50290,4 WHEEL BRAKE SERVICES KARVAAN 1.2,10,1890,1500.000,0
50291,4 WHEEL BRAKE SERVICES ALSVIN 1.37/1.5DCT/1.5L,10,6939,2500.000,0
50292,4 WHEEL BRAKE SERVICES OSHAN X7,10,6923,4000.000,0
50293,WHEEL ALIGNMENT M8/M9/KARVAAN 1.0/1.2,10,1890,1500.000,0
50294,WHEEL ALIGNMENT ALSVIN 1.37/1.5DCT/1.5L,10,6939,2500.000,0
50295,WHEEL ALIGNMENT OSHAN X7,10,6923,3500.000,0
50296,WHEEL BALANCING (WITHOUT WEIGHT) M8/M9/KARVAAN 1.0/1.2,10,1890,1500.000,0
50297,WHEEL BALANCING (WITHOUT WEIGHT) ALSVIN 1.37/1.5DCT/1.5L,10,6939,2500.000,0
50298,WHEEL BALANCING (WITHOUT WEIGHT) OSHAN X7,10,6923,3500.000,0
50299,GENERAL CHECKUP M8/M9/KARVAAN 1.0,9,5895,1200.000,0
50300,GENERAL CHECKUP (KARVAAN PLUS 1.2),9,1890,1500.000,0
50301,GENERAL CHECKUP ALSVIN 1.37/1.5DCT/1.5L,9,6939,2000.000,0
50302,GENERAL CHECKUP (OSHAN X7),9,6923,3500.000,0
50303,COMPUTER SCANING M8/M9/KARVAAN 1.0,5,5895,800.000,0
50304,COMPUTER SCANING KARVAAN 1.2,5,1890,1000.000,0
50305,COMPUTER SCANING ALSVIN 1.37/1.5DCT/1.5L,5,6939,2000.000,0
50306,COMPUTER SCANING OSHAN X7,5,6923,3000.000,0
50307,ELECTRICAL CHECKUP M8/M9/KARVAAN 1.0,5,5895,800.000,0
50333,Head Light Tube Replace All VARIENTS,10,6939,500.000,15
50336,F.F.S Pickup,10,6956,800.000,45
50335,TYRE REPLACE oshan,10,6956,1000.000,20
50337,S.F.S SUV,10,6956,2500.000,60
50338,F.F.S on Cash all karvaan,10,7978,1000.000,45
50339,F.F.S on Cash all Alsvin,10,6939,1500.000,45
50340,F.F.S on Cash all oshan,10,6956,2000.000,45
50341,S.F.S on Cash all Oshan varients,10,6956,2000.000,60
50342,S.F.S on Cash all ALSVIN varients,10,6939,1500.000,60
50343,S.F.S on Cash all KARVAAN varients,10,7978,1000.000,60
50344,TIMING PLATE R/F ALL karvaan,10,7978,4000.000,120
50345,SELF assy REPLACE all karvaan,10,7978,2500.000,45
50348,COMPLETE PERIODIC .M + THROTTLE SERVICE KARVAN,10,7978,4310.000,120
50349,COMPLETE PERIODIC .M + THROTTLE SERVICE M9/M8,10,6909,4310.000,120
50351,COMPLETE PERIODIC .M + THROTTLE SERVICE KARVAAN 1.2,10,7978,5173.000,120
50353,COMPLETE PERIODIC .M + THROTTLE SERVICE OSHAN,10,6956,12069.000,150
50368,ENGINE OIL & OIL FILTER REPLACE,4,6956,0.000,35
50369,ENGINE OIL CHANGE,4,6956,0.000,35
50370,AC filter replace ALL,10,6956,0.000,15
50371,Air filter replace ALL,10,6956,0.000,15
50372,Spark Plug replace ALL,10,6956,800.000,10
50374,TAPPET COVER R/F Alsvin,10,6939,1500.000,45
50376,SECONDARY THARMOSTATE VALVE R&F,10,6956,2586.200,30
50384,DISC PLATE R/F,10,6939,500.000,20
50385,Computer R/F,5,1890,1740.000,45
52644,4 wheel disc pad replace,10,37,1000.000,60
52645,Front Both side wheel bearing,10,37,4000.000,120
52669,FR SCREEN REPLACE,1,6923,5000.000,300
51809,MCML Coprate campgain van,10,1892,0.000,60
52149,RR Wheel hub Replace,10,6937,1500.000,60
52150,Steering knuckle Assy Replace,10,6937,2000.000,60
52151,Syncronizer gear replace,10,1890,5000.000,180
52152,Wheel Brake Cylinder replace,10,6937,1000.000,45
52153,Ball joint Replace,10,6923,1000.000,30
52700,AIR FLOW Sensor removing and fitting SUV,10,6923,2000.000,40
50308,ELECTRICAL CHECKUP KARVAAN PLUS 1.2,5,1890,1000.000,0
50309,ELECTRICAL CHECKUP ALSVIN 1.37/1.5DCT/1.5L,5,6939,2000.000,0
50310,ELECTRICAL CHECKUP OSHAN X7,10,6923,2500.000,0
50311,THROTTLE BODY SERVICE M8/M9/KARVAAN 1.0,10,5895,1200.000,0
50312,THROTTLE BODY SERVICE KARVAAN PLUS 1.2,10,1890,1500.000,0
50313,THROTTLE BODY SERVICE ALSVIN 1.37/1.5DCT/1.5L,10,6939,2500.000,0
50314,THROTTLE BODY SERVICE OSHAN X7,10,6923,3500.000,0
52636,Timing Seal replace SUV,10,6923,2586.000,60
52637,Rear shocks rf suv,1,6923,2586.000,50
52638,Front Suspension overhaul suv,10,6923,17241.000,300
51902,MCML Coolant Replace campaign SUV,10,6923,3000.000,90
50315,TYRE REPLACE 1.2-1.5 sedan,10,8,800.000,0
52352,RH FR FENDER REPLACE PAINT,1,6923,5000.000,0
52532,DIIG MINOR DRY DENT,1,196,862.000,0
53392,LH FR DOOR D/P LH FOOT BOARD D/P LH FR FENDER REPLACE PAINT FR BUMPER REPLACE PAINT BONNET D/P,1,6923,6978.000,125
52673,FULL COMPOUND POLISH (ALSVIN),1,6937,0.000,0
52673,FULL COMPOUND POLISH (ALSVIN),1,6937,5000.000,150
52764,AC WORK,1,1890,3017.000,123
52899,"RR BUMPER LIGHT REPLAC ",1,6937,862.000,20
51859,AT  COST,1,6923,2408.000,0
52213,AT COST,1,6939,449.000,0
52696,LUGGAGE PANEL DENT PAINT,1,6937,5000.000,56
51811,"RHS VIEW MIRROR SETTING ",1,6939,0.000,0
51813,"RHS VIEW MIRROR SETTING ",1,6939,0.000,0
51814,"RHS VIEW MIRROR SETTING ",1,6939,0.000,0
51977,OIL SUMP R/F,10,6923,6000.000,120
52575,Turbo Work SUV,10,6923,100000.000,2880
52576,Motor oil replace,1,7983,0.000,60
52796,LHS WHEEL ARCH DRY DENT,1,6923,4310.000,70
52033,Gear Lever Service sedan,10,6939,1000.000,45
52526,RH RR OUTER HANDLE REPLACE PAINT,3,196,862.000,0
52540,FR GADRI D/P,1,196,1500.000,0
52546,"RR BUMPER MINOR PAINT ",1,6949,5172.000,0
52562,FULL BODY COMPOUND POLISH,1,6949,5000.000,0
52754,LUMP SUMP LABOUR,1,6923,103448.000,125
52777,Youm-e-takbeer Service Campaign  Oshan 28% off,1,6923,8690.000,60
52778,Youm-e-takbeer Service Campaign  alsvin 28% off,1,6937,5897.000,60
52776,Youm-e-takbeer Service Campaign  karavan 28% off,10,1890,3103.000,60
52779,Youm-e-takbeer Service Campaign  karavan 1.2 28% off,1,7978,3724.000,60
52809,LHS SIDE BOODY LUM SUM D/P,1,1890,45000.000,124
53146,AUTOMATIC TRANSMISSION COLLAR FLUID REPALCE IN (previous- WARRANTY) suv,10,6923,550.000,60
53220,15 ppm alsvin,1,6937,2300.000,60
53221,20k ppm alsvin,1,6937,2300.000,60
53222,25k ppm alsvin,10,6937,2520.000,60
53223,30k ppm alsvin,10,6937,4000.000,60
53224,35k ppm alsvin,1,6937,3360.000,60
53225,40k ppm alsvin,1,6937,2300.000,60
53320,front bumper show grill replace,1,6923,1000.000,20
53321,Fr Bumper Partial Paint,1,6923,3879.000,125
53322,FR Bumper Removing fitting,1,6923,1724.000,125
53333,RH RR wheel Arch partial paint,1,6923,2586.000,125
53341,ALternator Replace,10,6923,500.000,125
53342,Pending Compund polish,1,6923,232.000,125
53347," digi center light replace",1,6923,2000.000,125
53348,RR Bumper Lower pad,1,6923,4000.000,125
53349,Diggi dent paint,1,6923,12000.000,125
53378,FRONT REAR SAFEGAURD AND CHILD SEAT OPENING,1,6923,1200.000,125
53387,compressor discharge hose assy replace,10,6937,165.000,18
53388,Roof top d/p,1,6923,9000.000,125
53393,COMPLETE DETAILING,1,6923,24138.000,125
53396,Water Pump Assy Replace SEDAN warranty previous,1,6937,1100.000,120
53402,DUEL CLUCH ASSY REPLACE,1,6937,30000.000,2880
53413,FR BUMPER REPLACE PAINT,1,6923,4741.000,125
53431,Engine room & internal Detailing,1,6923,1105.000,125
53433,wheel balancing warranty,1,6923,600.000,18
53434,oil seal RR axle (MPV) warranty,1,1890,1000.000,60
53435,"OIL Seal, RR axle MPV warranty",1,1890,1000.000,60
53436,Retainer ring RR axle mpv warranty,1,1890,1100.000,66
53437,Manual transmission fluid change warranty mpv,1,1890,1000.000,60
53438,Bearing RR axle,1,1890,1200.000,72
53439,Glove box Repair,1,6923,689.000,125
53440,evaporator roof assy change mvp warrnty,1,1890,800.000,40
53441,exterior rear view mirror suv warrnaty,1,6923,300.000,18
53442,hvac assy replace warranty mvp,1,1890,1000.000,60
53443,phaser compyin takei kam shaft warranty replace sedan,1,6937,3800.000,228
53444,FR Bumper Repair,1,6923,2586.000,125
53445,RH Head light repair,1,6923,800.000,125
53446,Luggage panel dent,1,6923,2000.000,125
53460,RR BUMPER REPAIR PAINT,1,6923,10000.000,125
53461,LH RR DOOR HANDLE PAINT,1,6923,3000.000,125
53470,LH HEAD LIGHT REPLACE,1,6923,1500.000,125
53473,MOBILE SERIVE WIRING INSPECTIN AND REPEARING,1,6956,9181.000,125
53474,RR SHOW PULLING & SETTING RATE,1,6923,2000.000,125
53483,FR SUSPENSION & SUB FARM WORK,1,6923,7000.000,125
53484,"AC WORK ",1,6923,2000.000,125
53181,CENTER COVER ASSY REPLACE IN (previous- WARRANTY) sedan,1,6937,165.000,18
52571,B&P Eid Offer 2025 Sedan,1,1890,6000.000,180
53237,Stepper motor replace karvan (previous),1,1890,275.000,24
53238,console front box assembly replace oshan (previous),1,6923,165.000,18
53452,Door padal new Fitting,1,6923,500.000,125
52615,"GEAR BOX Replace ",1,6923,27569.000,120
53466,FULL BODY COMPOUND POLISH,1,6923,7759.000,125
53515,Fog Light Repair,1,6923,1000.000,125
53516,LH RR DOOR PPF (ULTRA) PANEL,1,6923,10344.000,125
53498,Door protactor Repair,1,6923,2000.000,125
53538,Driver Side Lower panel,1,6923,862.000,125
53539,All glass Paper Removing,1,213,687.000,125
53551,RH+LH shock apperen welding,1,6923,400.000,125
52031,FR GARDARY SETTING PULLING,5,6937,2250.000,0
53343,FR BUMPER LOWER PAD REPAIR,1,6923,5000.000,125
53344,RHS FRONT FENDER DRY DENT,1,6923,7000.000,125
53345,RHS FRONT DOOR DENT PAINT,1,6923,8000.000,125
53346,LHS REAR DOOR HANDLE REPAIR,1,6923,1000.000,125
50238,AC & AIR FILTER CLEAN,10,6956,0.000,0
50243,"TOP WASH(M8,M9)",10,5895,500.000,0
50247,TOP  WASH (KARVAAN ALL),10,1892,600.000,0
50271,COMPLETE PERIODIC .M + THROTTLE SERVICE ALSVIN,10,6939,8190.000,0
53024,STABILIZER SHAFT LINK ASSY IN  (WARRANTY) Suv,10,6923,600.000,36
53147,COOLANT REPLACE IN (previous- WARRANTY) suv,10,6923,330.000,36
53245,"Mount cushion assy RH replace in warranty (previous suv) ",1,6923,825.000,90
53298,AC compressor assy replace in warranty (suv),1,6923,1000.000,60
53330,"LH REAR FRAME PULL ",1,6937,2000.000,125
53379,Bonnet Replace And PAINT,1,6923,10000.000,125
53380,BONNET REAST SHIELD D/P,1,6923,2000.000,125
53381,RHS DLR REPAIR AND PAINT,1,6923,2500.000,125
53382,LHS DLR REPAIR AND PAINT,1,6923,2500.000,125
53397,"THERMOSTATE VALVE ASSY REPLACE IN WARRANTY ",1,6937,275.000,30
53462,"RH FENDER PARTIAL PAINT ",1,6923,3448.000,125
53471,RH FR DOOR & RR MINOR TOUCH,1,6923,229.000,125
53485,RR Bumper Lower Pad paint,1,6923,4310.000,125
53540,3 panal Compund polish,1,6923,5172.000,125
53548,Diggi minor dry dent,1,6923,862.000,125
53692,"Tensioner Bearing Change ",1,6937,200.000,30
53695,Diggi Shock LHS PICkUP,1,1890,100.000,20
53696,Diggi Shock RHS,1,1890,100.000,20
53753,Dashboard harness alsvin,1,6937,1800.000,120
53685,Handbrake Lever change,1,1890,400.000,30
53558,fr BUMPER LH SIDE PAINT,1,1890,302.000,125
53210,STEERING GEAR ASSY REPLACE IN (previous- WARRANTY) mvp,1,1890,385.000,42
53211,SPEED SENSOR REPLACE IN (previous- WARRANTY) mvp,1,1890,12.000,110
53212,TYRE REPLACE IN (previous- WARRANTY) m9 sherpa,1,366,275.000,30
53782,Horn Replacement,1,6923,400.000,30
53424,AIR CLEANER ASSEMBLY REPLACE MPV,1,1890,200.000,20
53582,LH outer back light repair,1,6937,1000.000,125
53860,PDS SO5,1,7987,1500.000,125
53878,ACC ECU Replace (oshan Warranty),1,6923,700.000,60
53948,MOTOR OIL CHANGE E-DRIVE (WR),1,7983,800.000,60
53954,SEAT 60% ASSY REPLACS WR (OSHAN X7),1,6923,400.000,40
54025,Car Wash and Sanitization (MCML May-26),1,7983,1500.000,125
54026,Reducer (Motor) Oil Inspection (MCML May-26),1,7983,1000.000,125
53384,Roof molding minor paint,1,6923,2000.000,125
53385,bonnet compounf polish,1,6923,1500.000,125
53401,Seat thermostate replace warranty sedan,1,6937,495.000,50
53542,Winter Vehicle Incspection 29 points check,1,6923,0.000,125
53543,Pending compund Polish,1,6923,293.000,125
53570,Luggage panel d/p,1,6937,4000.000,125
53571,Tyre housing d/p,1,6937,4000.000,125
53849,HORN ASSY REPLACEMENT,1,1890,700.000,45
53652,"HVEC UNIT Assy F202),X7",10,6923,3500.000,300
54068,Lock Set Assy karwan (warranty),1,1890,1800.000,60
52761,LH RR DOOR HANDLE PAINT,1,6937,500.000,111
53048,RADIATOR ASSY REPLACE IN  ( WARRANTY) Alsvin,1,6939,1600.000,96
53049,MOUNT CUSHION RH REPLACE IN  ( WARRANTY) Alsvin,1,6937,500.000,30
53050,MOUNT CUSHION LH REPLACE IN  ( WARRANTY) Alsvin,10,6937,1300.000,78
53051,ALTERNATOR REPLACE IN  ( WARRANTY) Alsvin,10,6937,1200.000,72
53052,TYRE REPLACE IN WARRANTY  ( WARRANTY) Alsvin,1,6937,30.000,500
53430,compressor discharge hose assy warranty alsvin,1,6937,300.000,18
53489,OIL TEMPREATURE SENSOR (WARRANTY),1,6923,300.000,20
53491,LH RR DOOE D/P,1,6923,10344.000,125
53492,LH RR FENDER D/P,1,6923,10344.000,125
52866,FR BUMPER MINOR PAINT,1,6937,1293.000,20
53025,FR COMBINATION I REPLACE IN  (WARRANTY) Suv,1,6923,1000.000,60
53026,FR COMBINATION II REPLACE IN  (WARRANTY) Suv,10,6923,1000.000,60
53148,DRIVER SEAT ASSY  REPALCE IN (previous- WARRANTY) suv,10,6923,275.000,30
53149,CO-DRIVER SEAT ASSY REPALCE IN (previous- WARRANTY) suv,10,6923,275.000,30
53150,WHEELS ALINMENT ADJUST IN (previous- WARRANTY) suv,1,6923,660.000,72
53151,FUEL PUMP ASSY REPLACE IN (previous- WARRANTY) suv,1,6923,440.000,48
53152,VIEW MIRROR REPLACE IN (previous- WARRANTY) suvVIEW MIRROR REPLACE IN (previous- WARRANTY) suv,10,6923,110.000,12
53153,BATTERY REPLACE IN (previous- WARRANTY) suv,10,6923,165.000,18
53154,BALL JOINT REPLACE IN (previous- WARRANTY) suv,10,6923,275.000,30
53155,TURBO ASSY REPLACE IN (previous- WARRANTY) suv,10,6923,1100.000,120
53156,TCU ASSY REPLACE IN (previous- WARRANTY) suv,10,6923,275.000,30
53157,FAN FEED BLET REPLACE IN  (previous- WARRANTY) suv,10,6923,275.000,30
53158,FOG LAMP TRIM REPLACE IN (previous- WARRANTY) suv,10,6923,220.000,24
53159,HMI ASSY REPLACE IN (previous- WARRANTY) suv,10,6923,275.000,30
53160,MUFFLER ASSY REPALCE IN (previous- WARRANTY) suv,10,6923,275.000,30
53161,BCM ASSY REPLACE IN (previous- WARRANTY) suv,10,6923,550.000,60
53162,WINDOW REGULATOR ASSY REPALCE IN (previous- WARRANTY) suv,10,6923,330.000,36
53163,"DRIVE SHAFT REPLACE IN (previous- WARRANTY) suv ",10,6923,440.000,48
53164,EVAPORATOR ASSY REPLACE IN (previous- WARRANTY) suv,1,6923,1925.000,210
53165,RADIATOR ASSY REPLACE IN (previous- WARRANTY) suv,10,6923,715.000,78
53166,AUTOMATIC TRANSMISSON ASSY REPLACE IN (previous- WARRANTY) suv,10,6923,2200.000,240
53167,5k ppm Alsvin,10,6937,2300.000,60
53168,STEERING GEAR ASSY IN (previous- WARRANTY) sedan,10,6937,660.000,72
53169,STABILIZER SHAFT LINK ASSY IN (previous- WARRANTY) sedan,10,6937,550.000,60
53170,RADIATOR ASSY REPLACE IN (previous- WARRANTY) sedan,1,6937,880.000,96
53246,console FR box assy replace in warranty (suv),1,6923,300.000,18
53247,console FR box assy replace in warranty (previous suv),1,6923,168.000,18
53248,rear wiper motor replace in warranty (suv),1,6923,300.000,18
53249,rear wiper motor replace in warranty (previous suv),1,6923,165.000,18
53251,head light LH replace in warranty (previous suv),1,6923,220.000,24
53252,head light RH replace in warranty (suv),1,6923,400.000,24
53253,head light RH replace in warranty (previous suv),1,6923,220.000,24
53254,Radiator overflow pipe replace in warranty (suv),1,6923,300.000,18
53255,Radiator overflow pipe replace in warranty (previous suv),1,6923,165.000,18
53256,intercooler inlet assy replace in warranty (suv),1,6923,1000.000,60
53257,intercooler inlet assy replace in warranty (previos suv),1,6923,550.000,60
53258,blower speed controller repalce in warranty (sedan),1,6937,400.000,24
53259,blower speed controller repalce in warranty (previous sedan),1,6938,220.000,24
53260,thermosatate valve replace in warranty (sedan),1,6937,800.000,48
53261,thermosatate valve replace in warranty (previous sedan),1,6937,440.000,48
53262,bearing assy RR replace in warrnty (sedan),1,6937,800.000,48
53263,bearing assy RR replace in warrnty (previous sedan),1,6937,440.000,48
53264,heat core assy replace in warranty (sedan),1,6937,500.000,30
53265,heat core assy replace in warranty ( previos sedan),1,6937,275.000,30
53398,AVM RIGHT CAMERA ASSY REPLACE IN WARRANTY SUV,1,6923,220.000,24
53399,"MOTOR ASSY, STARTING REPLACE IN WARRANTY MPV",1,1890,330.000,34
53400,EXHAUST MANIFOLD & CONVERTER ASSY REPLACE IN WARRANTY SUV,1,6923,550.000,60
53404,CANISTER PURGE VALEVE,1,6923,220.000,20
53405,PARKING BRAKE CLIPPER RR LH REPLACE IN WARRANTY OSHAN,1,6923,220.000,20
53406,DOOR LATCH REPLACE IN WARRANY MPV,1,1890,220.000,20
53407,GEAR CABLE REPLACE IN WARRANTY SUV,1,6923,825.000,120
53418,LUGGAGE PANEL DENT AND PAINT,1,6923,11000.000,125
53499,Motor oil repalce (suv),1,6923,0.000,125
53500,5k ppm (sedan),1,6937,1932.000,125
53053,DUAL MASS FLY WHEEL REPLACE IN   ( WARRANTY) Alsvin,1,6937,3500.000,180
53054,AUTOMATIC TRANSMISSION ASSY REPLACE IN  ( WARRANTY) AlsvinAUTOMATIC TRANSMISSION ASSY REPLACE IN  ( WARRANTY) Alsvin,10,6937,3000.000,180
53055,"STRUT ASSY REPLACE IN  ( WARRANTY) Alsvin ",1,6937,700.000,42
53056,SHOCK ABSORBER ASSY REPLACE IN  ( WARRANTY) Alsvin,10,6937,400.000,24
53057,CLOCK SPRING REPLACE IN  ( WARRANTY) Alsvin,10,6937,600.000,36
53058,BATTERY REPLACE IN  ( WARRANTY) Alsvin,1,6937,300.000,18
53059,CENTER COVER ASSY REPLACE IN  ( WARRANTY) AlsvinCENTER COVER ASSY REPLACE IN  ( WARRANTY) Alsvin,1,6937,300.000,18
53060,COOLING FAN ASSY REPLACE IN  ( WARRANTY) Alsvin,1,6937,1500.000,90
53061,OIL PUMP PLATE REPLACE IN  ( WARRANTY) Alsvin,1,6937,3800.000,228
53062,STEERING KNUCKLE ASSY REPLACE IN  ( WARRANTY) Alsvin,10,6937,1000.000,60
53063,FUEL PUMP ASSY REPLACE IN  ( WARRANTY) Alsvin,1,6937,500.000,30
53064,CATALYTIC CONVERTER ASSY REPLACE IN  ( WARRANTY) Alsvin,10,6937,1000.000,60
53065,REAR WHEEL HUB REPLACE IN  ( WARRANTY) Alsvin,10,6937,600.000,36
53066,REAR BRAKE CYLINDER REPLACE IN  ( WARRANTY) Alsvin,10,6937,500.000,30
53067,DRIVER SEAT ASSY REPALCE IN  ( WARRANTY) Alsvin,10,6937,600.000,36
53068,PASSENGER SEAT ASSY REPLACE IN  ( WARRANTY) AlsvinPASSENGER SEAT ASSY REPLACE IN  ( WARRANTY) Alsvin,10,6937,36.000,600
53069,BRAKE FLUID REPLACE IN  ( WARRANTY) Alsvin,1,6937,1100.000,66
53070,ACTUATOR ABS ASSY REPLACE IN  ( WARRANTY) Alsvin,1,6937,700.000,42
53071,AC PIPE REPLACE IN (WARRANTY) MPV,10,1890,500.000,30
53072,EVAPORATOR ROOF REPLACE IN (WARRANTY) MPV,10,1890,48.000,800
53073,SWITCH ASSY COMBINATION REPLACE IN (WARRANTY) MPV,10,1890,200.000,12
53074,PRESSURE SWITCH REPLACE IN (WARRANTY) MPV,10,1890,500.000,30
53075,CONDENSOR ASSY REPLACE IN (WARRANTY) MPV,10,1890,1000.000,60
53076,SYNCRONIZER 1ST GEAR REPLACE IN (WARRANTY) MPV,10,1890,6600.000,396
53077,ECU ASSY REPLACE IN (WARRANTY) MPV,10,1890,400.000,12
53078,COMPRESSOR ASSY REPLACE IN (WARRANTY) MPV,10,1890,800.000,48
53079,EXPENSION VALVE REPLACE IN (WARRANTY) MPVEXPENSION VALVE REPLACE IN (WARRANTY) MPV,10,1890,500.000,30
53080,REAR AXEL BEARING REPLACE IN (WARRANTY) MPVREAR AXEL BEARING REPLACE IN (WARRANTY) MPV,10,1890,1200.000,72
53081,REAR AXEL CONE REPLACE IN (WARRANTY) MPV,10,1890,1000.000,60
53082,REAR AXEL SEAL REPLACE IN (WARRANTY) MPV,10,1890,1000.000,60
53083,DIFFRENTIAL OIL REPLACE IN (WARRANTY) MPV,10,1890,1000.000,60
53084,AC CONTROLLAR ASSY REPALCE IN (WARRANTY) MPV,10,1890,400.000,24
53087,STEERING GEAR ASSY REPLACE IN (WARRANTY) MPV,10,1890,700.000,42
53088,TYRE REPLACE IN (WARRANTY) m9 SHERPA,10,14,500.000,30
52414,Ramzan Special Offer 2025 Free Engine Tuning,10,1890,0.000,60
52428,RADIATOR GADRI PULLING,1,6939,862.000,0
52497,LH FOOTBOARD D/P..,1,196,2000.000,0
53299,AC compressor assy replace in warranty (previous suv),1,6923,550.000,60
53301,Coil spring RR replace in warranty ( previos suv),1,6923,275.000,30
53300,Coil spring RR replace in warranty (suv),1,6923,500.000,30
53354,RHS FR DOOR D/P,1,6923,8000.000,125
53355,RHS RR DOOR D/P,1,6923,8000.000,125
53357,LHS FR DOOR D/P,1,6923,800.000,125
53359,"LHS RR FENDER D/P ",1,6923,8000.000,125
53360,FR BUMPER LOWER PAD REPAIR,1,6923,5000.000,125
53362,RHS FR DOOR D/P,1,6923,8000.000,125
53363,LHS RR DOOR HANDLE REPAIR,1,6923,1000.000,125
53027,AUTOMATIC TRANSMISSION COLLAR REPALCE IN  (WARRANTY) Suv,1,6923,1800.000,108
53028,AUTOMATIC TRANSMISSION COLLAR FLUID REPALCE IN  (WARRANTY) Suv,10,152,1000.000,60
53029,COOLANT REPLACE IN  (WARRANTY) Suv,1,6923,600.000,36
53030,DRIVER SEAT ASSY  REPALCE IN  (WARRANTY) Suv,10,6923,500.000,30
53031,CO-DRIVER SEAT ASSY REPALCE IN  (WARRANTY) Suv,10,6923,500.000,30
53032,WHEELS ALINMENT ADJUST IN (WARRANTY) Suv,10,6923,1200.000,72
53033,FUEL PUMP ASSY REPLACE IN  (WARRANTY) Suv,10,6923,800.000,48
53034,VIEW MIRROR REPLACE IN  (WARRANTY) Suv,10,6923,200.000,12
53035,BATTERY REPLACE IN  (WARRANTY) Suv,10,6923,300.000,18
53036,BALL JOINT REPLACE IN  (WARRANTY) Suv,10,6923,500.000,30
53037,TURBO ASSY REPLACE IN  (WARRANTY) Suv,10,5895,120.000,2000
53038,TCU ASSY REPLACE IN  (WARRANTY) Suv,10,6923,500.000,30
53039,FAN FEED BLET REPLACE IN   (WARRANTY) Suv,1,6923,500.000,30
53040,FOG LAMP TRIM REPLACE IN  (WARRANTY) Suv,1,6923,400.000,24
53041,HMI ASSY REPLACE IN  (WARRANTY) Suv,1,6923,500.000,30
53042,MUFFLER ASSY REPALCE IN  (WARRANTY) Suv,1,6923,500.000,30
53043,BCM ASSY REPLACE IN  (WARRANTY) Suv,1,6923,1000.000,60
53044,WINDOW REGULATOR ASSY REPALCE IN  (WARRANTY) Suv,1,6923,600.000,36
53045,AUTOMATIC TRANSMISSON ASSY REPLACE IN  (WARRANTY) Suv,1,6923,4000.000,240
53046,STEERING GEAR ASSY IN ( WARRANTY) Alsvin,10,6937,1200.000,72
53047,STABILIZER SHAFT LINK ASSY IN ( WARRANTY) Alsvin,10,6937,1000.000,60
53171,MOUNT CUSHION RH REPLACE IN (previous- WARRANTY) sedan,1,6937,275.000,30
53266,iron pipe replace in warranty (sedan),1,6937,1900.000,114
53172,MOUNT CUSHION LH REPLACE IN (previous- WARRANTY) sedan,1,6937,715.000,78
53173,ALTERNATOR REPLACE IN (previous- WARRANTY) sedan,1,6937,660.000,72
53174,TYRE REPLACE IN (previous- WARRANTY) sedan,1,6937,275.000,30
53175,DUAL MASS FLY WHEEL REPLACE IN (previous- WARRANTY) sedan,1,6937,1925.000,210
53176,AUTOMATIC TRANSMISSION ASSY REPLACE IN (previous- WARRANTY) sedan,1,6937,1650.000,180
53177,"STRUT ASSY REPLACE IN (previous- WARRANTY) sedan ",1,6937,385.000,42
53178,SHOCK ABSORBER ASSY REPLACE IN (previous- WARRANTY) sedan,10,6937,220.000,24
53179,CLOCK SPRING REPLACE IN (previous- WARRANTY) sedan,1,6937,330.000,36
53180,BATTERY REPLACE IN (previous- WARRANTY) sedan,1,6937,165.000,18
53182,COOLING FAN ASSY REPLACE IN (previous- WARRANTY) sedan,1,6937,825.000,90
53183,OIL PUMP PLATE REPLACE IN (previous- WARRANTY) sedan,1,6937,2090.000,228
53184,STEERING KNUCKLE ASSY REPLACE IN (previous- WARRANTY) sedan,1,6937,550.000,60
53185,FUEL PUMP ASSY REPLACE IN (previous- WARRANTY) sedan,1,6937,275.000,30
53186,CATALYTIC CONVERTER ASSY REPLACE IN (previous- WARRANTY) sedan,1,6937,550.000,60
53187,REAR WHEEL HUB REPLACE IN (previous- WARRANTY) sedan,1,6937,330.000,36
53188,REAR BRAKE CYLINDER REPLACE IN (previous- WARRANTY) sedanREAR BRAKE CYLINDER REPLACE IN (previous- WARRANTY) sedan,1,6937,275.000,30
53189,DRIVER SEAT ASSY REPALCE IN (previous- WARRANTY) sedan,1,6937,330.000,36
53190,PASSENGER SEAT ASSY REPLACE IN (previous- WARRANTY) sedan,1,6937,330.000,36
53191,BRAKE FLUID REPLACE IN (previous- WARRANTY) sedan,1,6937,605.000,66
53192,HYDRAULIC TENSIONER ASSY REPLACE IN (previous- WARRANTY) sedan,1,6937,2145.000,234
53193,DVD PLAYER REPLACE IN (previous- WARRANTY) sedan,1,6937,500.000,30
53194,ACTUATOR ABS ASSY REPLACE IN (previous- WARRANTY) sedan,1,6937,385.000,42
52440,RR BUMPER REPLACE/PAINT,1,5905,3500.000,0
52445,FR SHOW SETTING...,1,6937,2000.000,0
53454,RHRR WHEEL ARCH D/P,1,6923,3448.000,125
53463,STEERING COLOMN ASSY REPLACE IN WARRANTY SEDAN,1,6937,660.000,120
53472,rh fr fender minor touch,1,6923,2586.000,125
53478,FR BUMPER REPAIR & PAINT,1,6923,8620.000,125
53479,"BONNET D/P ",1,6923,8620.000,125
53480,"BACK BUMPER REPIAR ",1,6923,1293.000,125
53481,FR BUMPER RH MIONAR TOUCHING,1,6923,172.000,125
53503,RHS RR DOOR REPLACE PAINT,1,6923,5000.000,125
53504,RHS RR DOOR HINGES PILL PULL,1,6923,1000.000,125
53505,RH FR FENDER DRY,1,6923,1500.000,125
53777,15k PPm Alsvin,1,6937,1932.000,60
54017,"Tire Assy Deepal (S05 WR) ",1,7983,800.000,125
52504,LHS TRALLY D/P,1,196,3000.000,0
52505,RHS TRALLY D/P,1,196,3000.000,0
52508,BONNET PARTIAL D/P..,1,196,2586.000,0
53526,DIGGI REPLACE & PAINT,1,6923,9000.000,125
53531,"5k PPm Alsvin ",1,6937,1932.000,60
53532,Generator Assy R/F  (suv),1,6923,4000.000,60
53541,"Retrectable Mirror ",1,6923,1724.000,64
53549,Rear bumper sitting & new parts fitting,1,6923,2000.000,125
53550,FR show grill Replace 2000 with prt,1,6923,2000.000,125
53567,"Diggi dent pain ",1,6923,10345.000,125
53568,rr bumper repair paint,1,6923,10345.000,125
53569,laguge panel pulling as dent paint,1,6923,5172.000,125
53586,"FR Bumper replace & paint, Bonnet Partial D/P",1,6923,1207.000,125
53587,RH&LH Door glass Setting,1,1890,2586.000,125
53588,Ignition coil replacement,1,1890,300.000,20
53979,PPF (ALSVIN) 7 YEAR,1,6937,202587.000,125
53980,PPF (OSHAN X7) 5 YEAR,1,6923,206897.000,125
53981,PPF (OSHAN X7) 7 YEAR,1,6923,228449.000,125
53982,PPF (KARVAN) 5 YEAR,1,1890,206897.000,125
53983,PPF (KARVAN) 7 YEAR,1,1890,228449.000,125
53984,PPF (DEEPAL S05) 5 YEAR,1,7987,202587.000,21
53985,PPF (DEEPAL S05) 7 YEAR,1,7987,228449.000,125
53986,PPF (DEEPAL SO7) 5 YEAR,1,7984,206897.000,124
53987,PPF (DEEPAL SO7) 7 YEAR,1,7984,232759.000,125
53988,PPF (DEEPAL LO7) 5 YEAR,1,7983,211207.000,125
53989,PPF (DEEPAL LO7) 7 YEAR,1,57,237069.000,125
54077," PARTS REPLACE ",1,6939,862.060,0
53579,Lever Assy gear shift F202,1,6923,800.000,125
53583,"Throtle body assy replacement ",1,6923,400.000,30
53941,INSTRUMENT PANEL ASSY WR (KARWAN),1,1890,800.000,30
52484,DECROATION GRILL REPAIR,1,196,2000.000,0
53464,Hydraulic assy replace in warranty,1,6937,500.000,30
53496,"LH FR DOOR D/P ",1,6923,7759.000,125
53497,LH FR DOOR d/p,1,6923,8621.000,125
53844,AS PER ESTACHED EST # 1003 DATED 02.03.2026,1,6923,15000.000,0
53578,"ALL GLASS PAPER REMOVING ",1,6937,183.000,125
53919,4 WHEEL BRAKE SERVICE (DEEPAL),1,7987,4500.000,125
53920,WHEEL ALIGNMENT (DEEPAL),1,7987,4000.000,125
53921,WHEEL BALANCING WITHOUT WEIGHT (DEEPAL),1,7987,3950.000,125
53922,THROTTLE BODY SERVICE  (DEEPAL),1,7987,3950.000,125
53923,COMPUTER SCANING  (DEEPAL),1,7987,3500.000,125
53924,ELECTRICAL CHECK UP (DEEPAL),1,7987,3000.000,125
53925,AC SERVICE WITHOUT GAS (DEEPAL),1,7987,22500.000,125
53926,AC GAS CHARGING  (DEEPAL),1,7987,11000.000,125
53927,FRONT SUSPENSION OVERHAUL  (DEEPAL),1,7987,20500.000,125
53928,REAR SUSPENSION OVERHAUL  (DEEPAL),1,7983,13500.000,500
53929,CLUTCH OVERHAUL  (DEEPAL),1,7987,28000.000,125
53930,ENGINE OVERHAUL  (DEEPAL),1,7987,38000.000,125
53931,RADIATOR SERVICE  (DEEPAL),1,7987,7000.000,125
53932,COOLANT REPLACEMENT  (DEEPAL),1,7987,4000.000,125
53933,TPMS REPLACEMENT EACH WHEEL  (DEEPAL),1,7987,3500.000,125
53934,GEAR OIL REPLACEMENT (DEEPAL),1,7987,7000.000,125
53935,CAR TOP WASH (DEEPAL),1,7987,1100.000,0
53936,CAR FULL WASH (DEEPAL),1,7987,2200.000,0
53937,CATALYTICE SERVICE (DEEPAL),1,7987,7000.000,125
53918,ENGINE TUNE UP (DEEPAL),1,7987,3950.000,0
53938,DISC LATHE MACHINE (OSHAN X7),10,6923,1500.000,125
53939,DISC LATHE MACHINE (ALSVIN KARVAN MPV),1,146,1160.000,125
53267,iron pipe replace in warranty (previos sedan),1,6937,1045.000,114
53268,evaporator assy replace in warranty (sedan),1,6937,4000.000,240
53269,evaporator assy replace in warranty (previos sedan),1,6937,2200.000,240
53270,meter assy combination replace in waranty (mpv),1,1890,300.000,18
53271,meter assy combination replace in waranty (previous mpv),1,1890,165.000,18
53279,steering knukle replace in warranty (suv),1,6923,800.000,48
53280,steering knukle replace in warranty (previous suv),1,6923,440.000,48
53285,wheel cylinder assy rear replace in warranty alsvin,1,6937,1000.000,60
53286,wheel cylinder assy rear replace in previous warranty alsvin,1,6937,550.000,60
53287,engine overall replace in warranty (suv),1,6923,16400.000,98
53288,engine overall replace in warranty (prevoius suv),1,6923,9020.000,98
53290,water inlet pipe replace in warranty prevoius seda,1,6937,1045.000,114
53291,head light cover replace in warranty previous suv,1,6923,220.000,24
53832,Buckle Assy Seat Replacement (Warranty),1,1890,400.000,30
54013,E-Drive Motor Control System (SO5) Wr,1,7987,2000.000,125
54014,Motor and Reducer Assy (SO5) Wr,1,7987,5000.000,125
53089,5K PPM (oshan),10,6923,2436.000,180
53090,15K PPM (oshan),10,6923,5383.000,180
53091,25k PPM (oshan),10,6923,5652.000,180
53092,35k PPM (oshan),10,6923,7600.000,180
53125,Drive Shaft replace in warranty (Suv),1,6923,440.000,48
53126,Evaporator ASSy Replace in warranty (SUV),10,6923,3500.000,280
53127,Radiator Replace in Warranty (SUV),10,6923,1300.000,104
53128,Hydrolic Tensioner Replace in Warranty (Sedan),10,6937,3900.000,234
53129,Speed sensor Replace in Warraty (Karvaan),1,1890,200.000,12
53195,AC PIPE REPLACE IN WARRANTY (previous- WARRANTY) mvp,1,6937,275.000,30
53196,EVAPORATOR ROOF REPLACE IN (previous- WARRANTY) mvp,1,6937,440.000,48
53197,SWITCH ASSY COMBINATION REPLACE IN (previous- WARRANTY) mvp,1,6937,110.000,13
53198,PRESSURE SWITCH REPLACE IN (previous- WARRANTY) mvp,1,1890,300.000,30
53199,CONDENSOR ASSY REPLACE IN (previous- WARRANTY) mvp,1,1890,550.000,60
53200,SYNCRONIZER 1ST GEAR REPLACE IN (previous- WARRANTY) mvp,1,1890,3685.000,396
53201,ECU ASSY REPLACE IN (previous- WARRANTY) mvp,1,1890,110.000,12
53202,COMPRESSOR ASSY REPLACE IN (previous- WARRANTY) mvp,1,1890,440.000,48
53203,EXPENSION VALVE REPLACE IN (previous- WARRANTY) mvp,1,1890,275.000,30
53204,REAR AXEL BEARING REPLACE IN (previous- WARRANTY) mvp,1,1890,660.000,72
53205,REAR AXEL CONE REPLACE IN (previous- WARRANTY) mvp,1,1890,550.000,60
53206,REAR AXEL SEAL REPLACE IN (previous- WARRANTY) mvp,1,1890,550.000,60
53207,DIFFRENTIAL OIL REPLACE IN (previous- WARRANTY) mvp,1,1890,550.000,60
53208,AC CONTROLLAR ASSY REPALCE IN (previous- WARRANTY) mvp,1,1890,275.000,24
53209,WIPER BOTLE REPLACE IN (previous- WARRANTY) mvp,1,1890,110.000,12
50265,CATALYTIC CLEANING M8/M9 KARVAAN 1.0/1.2,10,1890,2000.000,0
50233,DEFFRENTIONAL OIL CHANGE M8/M9/K.P 1.0/1.2,10,6909,1000.000,0
50234,A/C SERVICE (WITH GAS CHARGING) KARVAAN 1.0,10,1892,12000.000,0
50235,A/C SERVICE (WITH GAS CHARGING) KARVAAN 1.2,10,7978,13000.000,0
50236,A/C SERVICE (WITH GAS CHARGING) ALSVIN 1.37/1.5DCT/1.5L,10,6937,12000.000,0
50237,A/C GASS CHARGING KARVAAN 1.2,10,7978,7000.000,0
50239,A/C GASS CHARGING ALSVIN 1.37/1.5DCT/1.5L,10,6939,6000.000,0
50240,A/C GASS CHARGING OSHAN X7,10,6923,10000.000,0
50241,FRONT SUSPENSION OVERHAUL M8/M9 KARVAAN 1.0/1.2,10,6909,7000.000,0
50244,FRONT SUSPENSION OVERHAUL ALSVIN 1.37/1.5DCT/1.5L,10,6938,12000.000,0
50245,FRONT SUSPENSION OVERHAUL OSHAN X7,10,6923,18000.000,0
50246,REAR SUSPENSION OVERHAUL OSHAN X7,10,6923,12000.000,0
50248,REAR SUSPENSION OVERHAUL M8/M9 KARVAAN 1.0/1.2,10,1890,5000.000,0
50249,REAR SUSPENSION OVERHAUL ALSVIN 1.37/1.5DCT/1.5L,10,6939,7000.000,0
50250,CLUTCH OVERHAULL M8/M9 KARVAAN 1.0/1.2,10,6909,7000.000,0
50251,CLUTCH OVERHAULL ALSVIN 1.37/1.5DCT/1.5L,10,1890,12000.000,0
50252,CLUTCH OVERHAULL OSHAN X7,10,6923,25000.000,0
50253,ENGINE OVEHAULL M8/M9 KARVAAN 1.0/1.2,10,1890,20000.000,0
50254,ENGINE OVEHAULL ALSVIN 1.37/1.5DCT/1.5L,10,6939,25000.000,0
50255,ENGINE OVEHAULL OSHAN X7,10,6923,35000.000,0
50257,DIFFRENTIONAL OVERHAULL M8/9 KARVANN 1.0/1.2,10,1890,7000.000,0
50258,RADIATOR SERVICE M8/M9 KARVAAN 1.0/1.2,10,1890,2500.000,0
50259,RADIATOR SERVICE ALSVIN 1.37/1.5DCT/1.5L,10,6938,3000.000,0
50260,RADIATOR SERVICE OSHAN X7,10,6923,6000.000,0
50261,GEAR OIL CHANGE M8/M9/KARVAAN 1.0/1.2,10,1890,1500.000,0
50262,GEAR OIL CHANGE ALSVIN 1.37,10,6939,2500.000,0
50263,GEAR OIL CHANGE ALSVIN 1.5DCT/1.5L,10,6939,3000.000,0
50264,GEAR OIL CHANGE OSHAN X7,10,6923,6000.000,0
50266,CATALYTIC CLEANING ALSVIN 1.37/1.5DCT/1.5L,10,6939,3500.000,0
50267,CATALYTIC CLEANING OSHAN X7,10,6923,6000.000,0
50268,TPMS SENSOR REPLACE (EACH) ALSVIN 1.5DCT/1.5L,10,6939,2500.000,0
50269,TPMS SENSOR REPLACE (EACH) OSHAN X7,10,6923,3000.000,0
50270,ENGINE TIMING OVERHAULL M8/M9 KARVAAN 1.0/1.2,10,1890,6000.000,0
